{
  "name": "grt-coop-frontend",
  "version": "1.0.0",
  "description": "Advanced ChatGPT-style Co-op Frontend with 37-Agent System",
  "type": "module",
  "scripts": {
    "dev": "vite",
    "build": "vite build",
    "preview": "vite preview",
    "lint": "eslint . --ext js,jsx --report-unused-disable-directives --max-warnings 0"
  },
  "dependencies": {
    "react": "^18.2.0",
    "react-dom": "^18.2.0",
    "react-router-dom": "^6.8.1",
    "axios": "^1.6.0",
    "socket.io-client": "^4.7.4",
    "framer-motion": "^10.16.0",
    "lucide-react": "^0.294.0",
    "react-hot-toast": "^2.4.1",
    "date-fns": "^2.30.0",
    "uuid": "^9.0.0"
  },
  "devDependencies": {
    "@types/react": "^18.2.43",
    "@types/react-dom": "^18.2.17",
    "@vitejs/plugin-react": "^4.2.1",
    "eslint": "^8.55.0",
    "eslint-plugin-react": "^7.33.2",
    "eslint-plugin-react-hooks": "^4.6.0",
    "eslint-plugin-react-refresh": "^0.4.5",
    "vite": "^5.0.8"
  }
}